test11@gmail.com,9191919191
test12@gmail.com,9191919192
test13@gmail.com,9191919193
test14@gmail.com,9191919194
test15@gmail.com,9191919195
test16@gmail.com,9191919196
test17@gmail.com,9191919197
test18@gmail.com,9191919198
test19@gmail.com,9191919199
test20@gmail.com,9191919200
test21@gmail.com,9191919201
test22@gmail.com,9191919202
test23@gmail.com,9191919203
test24@gmail.com,9191919204
test25@gmail.com,9191919205
test26@gmail.com,9191919206
test27@gmail.com,9191919207
test28@gmail.com,9191919208
test29@gmail.com,9191919209
test30@gmail.com,9191919210
test31@gmail.com,9191919211
test32@gmail.com,9191919212
test33@gmail.com,9191919213
test34@gmail.com,9191919214
test35@gmail.com,9191919215
test36@gmail.com,9191919216
test37@gmail.com,9191919217
test38@gmail.com,9191919218
test39@gmail.com,9191919219
test40@gmail.com,9191919220
test41@gmail.com,9191919221
test42@gmail.com,9191919222
test43@gmail.com,9191919223
test44@gmail.com,9191919224
test45@gmail.com,9191919225
test46@gmail.com,9191919226
test47@gmail.com,9191919227
test48@gmail.com,9191919228
test49@gmail.com,9191919229
test50@gmail.com,9191919230
test51@gmail.com,9191919231
test52@gmail.com,9191919232
test53@gmail.com,9191919233
test54@gmail.com,9191919234
test55@gmail.com,9191919235
test56@gmail.com,9191919236
test57@gmail.com,9191919237
test58@gmail.com,9191919238
test59@gmail.com,9191919239
test60@gmail.com,9191919240
test61@gmail.com,9191919241
test62@gmail.com,9191919242
test63@gmail.com,9191919243
test64@gmail.com,9191919244
test65@gmail.com,9191919245
test66@gmail.com,9191919246
test67@gmail.com,9191919247
test68@gmail.com,9191919248
test69@gmail.com,9191919249
test70@gmail.com,9191919250
test71@gmail.com,9191919251
test72@gmail.com,9191919252
test73@gmail.com,9191919253
test74@gmail.com,9191919254
test75@gmail.com,9191919255
test76@gmail.com,9191919256
test77@gmail.com,9191919257
test78@gmail.com,9191919258
test79@gmail.com,9191919259
test80@gmail.com,9191919260
test81@gmail.com,9191919261
test82@gmail.com,9191919262
test83@gmail.com,9191919263
test84@gmail.com,9191919264
test85@gmail.com,9191919265
test86@gmail.com,9191919266
test87@gmail.com,9191919267
test88@gmail.com,9191919268
test89@gmail.com,9191919269
test90@gmail.com,9191919270
test91@gmail.com,9191919271
test92@gmail.com,9191919272
test93@gmail.com,9191919273
test94@gmail.com,9191919274
test95@gmail.com,9191919275
test96@gmail.com,9191919276
test97@gmail.com,9191919277
test98@gmail.com,9191919278
test99@gmail.com,9191919279
test100@gmail.com,9191919280
test101@gmail.com,9191919281
test102@gmail.com,9191919282
test103@gmail.com,9191919283
test104@gmail.com,9191919284
test105@gmail.com,9191919285
test106@gmail.com,9191919286
test107@gmail.com,9191919287
test108@gmail.com,9191919288
test109@gmail.com,9191919289
test110@gmail.com,9191919290
test111@gmail.com,9191919291
test112@gmail.com,9191919292
test113@gmail.com,9191919293
test114@gmail.com,9191919294
test115@gmail.com,9191919295
test116@gmail.com,9191919296
test117@gmail.com,9191919297
test118@gmail.com,9191919298
test119@gmail.com,9191919299
test120@gmail.com,9191919300
test121@gmail.com,9191919301
test122@gmail.com,9191919302
test123@gmail.com,9191919303
test124@gmail.com,9191919304
test125@gmail.com,9191919305
test126@gmail.com,9191919306
test127@gmail.com,9191919307
test128@gmail.com,9191919308
test129@gmail.com,9191919309
test130@gmail.com,9191919310
test131@gmail.com,9191919311
test132@gmail.com,9191919312
test133@gmail.com,9191919313
test134@gmail.com,9191919314
test135@gmail.com,9191919315
test136@gmail.com,9191919316
test137@gmail.com,9191919317
test138@gmail.com,9191919318
test139@gmail.com,9191919319
test140@gmail.com,9191919320
test141@gmail.com,9191919321
test142@gmail.com,9191919322
test143@gmail.com,9191919323
test144@gmail.com,9191919324
test145@gmail.com,9191919325
test146@gmail.com,9191919326
test147@gmail.com,9191919327
test148@gmail.com,9191919328
test149@gmail.com,9191919329
test150@gmail.com,9191919330
test151@gmail.com,9191919331
test152@gmail.com,9191919332
test153@gmail.com,9191919333
test154@gmail.com,9191919334
test155@gmail.com,9191919335
test156@gmail.com,9191919336
test157@gmail.com,9191919337
test158@gmail.com,9191919338
test159@gmail.com,9191919339
test160@gmail.com,9191919340
test161@gmail.com,9191919341
test162@gmail.com,9191919342
test163@gmail.com,9191919343
test164@gmail.com,9191919344
test165@gmail.com,9191919345
test166@gmail.com,9191919346
test167@gmail.com,9191919347
test168@gmail.com,9191919348
test169@gmail.com,9191919349
test170@gmail.com,9191919350
test171@gmail.com,9191919351
test172@gmail.com,9191919352
test173@gmail.com,9191919353
test174@gmail.com,9191919354
test175@gmail.com,9191919355
test176@gmail.com,9191919356
test177@gmail.com,9191919357
test178@gmail.com,9191919358
test179@gmail.com,9191919359
test180@gmail.com,9191919360
test181@gmail.com,9191919361
test182@gmail.com,9191919362
test183@gmail.com,9191919363
test184@gmail.com,9191919364
test185@gmail.com,9191919365
test186@gmail.com,9191919366
test187@gmail.com,9191919367
test188@gmail.com,9191919368
test189@gmail.com,9191919369
test190@gmail.com,9191919370
test191@gmail.com,9191919371
test192@gmail.com,9191919372
test193@gmail.com,9191919373
test194@gmail.com,9191919374
test195@gmail.com,9191919375
test196@gmail.com,9191919376
test197@gmail.com,9191919377
test198@gmail.com,9191919378
test199@gmail.com,9191919379
test200@gmail.com,9191919380
test201@gmail.com,9191919381
test202@gmail.com,9191919382
test203@gmail.com,9191919383
test204@gmail.com,9191919384
test205@gmail.com,9191919385
test206@gmail.com,9191919386
test207@gmail.com,9191919387
test208@gmail.com,9191919388
test209@gmail.com,9191919389
test210@gmail.com,9191919390
test211@gmail.com,9191919391
test212@gmail.com,9191919392
test213@gmail.com,9191919393
test214@gmail.com,9191919394
test215@gmail.com,9191919395
test216@gmail.com,9191919396
test217@gmail.com,9191919397
test218@gmail.com,9191919398
test219@gmail.com,9191919399
test220@gmail.com,9191919400
test221@gmail.com,9191919401
test222@gmail.com,9191919402
test223@gmail.com,9191919403
test224@gmail.com,9191919404
test225@gmail.com,9191919405
test226@gmail.com,9191919406
test227@gmail.com,9191919407
test228@gmail.com,9191919408
test229@gmail.com,9191919409
test230@gmail.com,9191919410
test231@gmail.com,9191919411
test232@gmail.com,9191919412
test233@gmail.com,9191919413
test234@gmail.com,9191919414
test235@gmail.com,9191919415
test236@gmail.com,9191919416
test237@gmail.com,9191919417
test238@gmail.com,9191919418
test239@gmail.com,9191919419
test240@gmail.com,9191919420
test241@gmail.com,9191919421
test242@gmail.com,9191919422
test243@gmail.com,9191919423
test244@gmail.com,9191919424
test245@gmail.com,9191919425
test246@gmail.com,9191919426
test247@gmail.com,9191919427
test248@gmail.com,9191919428
test249@gmail.com,9191919429
test250@gmail.com,9191919430
test251@gmail.com,9191919431
test252@gmail.com,9191919432
test253@gmail.com,9191919433
test254@gmail.com,9191919434
test255@gmail.com,9191919435
test256@gmail.com,9191919436
test257@gmail.com,9191919437
test258@gmail.com,9191919438
test259@gmail.com,9191919439
test260@gmail.com,9191919440
test261@gmail.com,9191919441
test262@gmail.com,9191919442
test263@gmail.com,9191919443
test264@gmail.com,9191919444
test265@gmail.com,9191919445
test266@gmail.com,9191919446
test267@gmail.com,9191919447
test268@gmail.com,9191919448
test269@gmail.com,9191919449
test270@gmail.com,9191919450
test271@gmail.com,9191919451
test272@gmail.com,9191919452
test273@gmail.com,9191919453
test274@gmail.com,9191919454
test275@gmail.com,9191919455
test276@gmail.com,9191919456
test277@gmail.com,9191919457
test278@gmail.com,9191919458
test279@gmail.com,9191919459
test280@gmail.com,9191919460
test281@gmail.com,9191919461
test282@gmail.com,9191919462
test283@gmail.com,9191919463
test284@gmail.com,9191919464
test285@gmail.com,9191919465
test286@gmail.com,9191919466
test287@gmail.com,9191919467
test288@gmail.com,9191919468
test289@gmail.com,9191919469
test290@gmail.com,9191919470
test291@gmail.com,9191919471
test292@gmail.com,9191919472
test293@gmail.com,9191919473
test294@gmail.com,9191919474
test295@gmail.com,9191919475
test296@gmail.com,9191919476
test297@gmail.com,9191919477
test298@gmail.com,9191919478
test299@gmail.com,9191919479
test300@gmail.com,9191919480
test301@gmail.com,9191919481
test302@gmail.com,9191919482
test303@gmail.com,9191919483
test304@gmail.com,9191919484
test305@gmail.com,9191919485
test306@gmail.com,9191919486
test307@gmail.com,9191919487
test308@gmail.com,9191919488
test309@gmail.com,9191919489
test310@gmail.com,9191919490
test311@gmail.com,9191919491
test312@gmail.com,9191919492
test313@gmail.com,9191919493
test314@gmail.com,9191919494
test315@gmail.com,9191919495
test316@gmail.com,9191919496
test317@gmail.com,9191919497
test318@gmail.com,9191919498
test319@gmail.com,9191919499
test320@gmail.com,9191919500
test321@gmail.com,9191919501
test322@gmail.com,9191919502
test323@gmail.com,9191919503
test324@gmail.com,9191919504
test325@gmail.com,9191919505
test326@gmail.com,9191919506
test327@gmail.com,9191919507
test328@gmail.com,9191919508
test329@gmail.com,9191919509
test330@gmail.com,9191919510
test331@gmail.com,9191919511
test332@gmail.com,9191919512
test333@gmail.com,9191919513
test334@gmail.com,9191919514
test335@gmail.com,9191919515
test336@gmail.com,9191919516
test337@gmail.com,9191919517
test338@gmail.com,9191919518
test339@gmail.com,9191919519
test340@gmail.com,9191919520
test341@gmail.com,9191919521
test342@gmail.com,9191919522
test343@gmail.com,9191919523
test344@gmail.com,9191919524
test345@gmail.com,9191919525
test346@gmail.com,9191919526
test347@gmail.com,9191919527
test348@gmail.com,9191919528
test349@gmail.com,9191919529
test350@gmail.com,9191919530
test351@gmail.com,9191919531
test352@gmail.com,9191919532
test353@gmail.com,9191919533
test354@gmail.com,9191919534
test355@gmail.com,9191919535
test356@gmail.com,9191919536
test357@gmail.com,9191919537
test358@gmail.com,9191919538
test359@gmail.com,9191919539
test360@gmail.com,9191919540
test361@gmail.com,9191919541
test362@gmail.com,9191919542
test363@gmail.com,9191919543
test364@gmail.com,9191919544
test365@gmail.com,9191919545
test366@gmail.com,9191919546
test367@gmail.com,9191919547
test368@gmail.com,9191919548
test369@gmail.com,9191919549
test370@gmail.com,9191919550
test371@gmail.com,9191919551
test372@gmail.com,9191919552
test373@gmail.com,9191919553
test374@gmail.com,9191919554
test375@gmail.com,9191919555
test376@gmail.com,9191919556
test377@gmail.com,9191919557
test378@gmail.com,9191919558
test379@gmail.com,9191919559
test380@gmail.com,9191919560
test381@gmail.com,9191919561
test382@gmail.com,9191919562
test383@gmail.com,9191919563
test384@gmail.com,9191919564
test385@gmail.com,9191919565
test386@gmail.com,9191919566
test387@gmail.com,9191919567
test388@gmail.com,9191919568
test389@gmail.com,9191919569
test390@gmail.com,9191919570
test391@gmail.com,9191919571
test392@gmail.com,9191919572
test393@gmail.com,9191919573
test394@gmail.com,9191919574
test395@gmail.com,9191919575
test396@gmail.com,9191919576
test397@gmail.com,9191919577
test398@gmail.com,9191919578
test399@gmail.com,9191919579
test400@gmail.com,9191919580
test401@gmail.com,9191919581
test402@gmail.com,9191919582
test403@gmail.com,9191919583
test404@gmail.com,9191919584
test405@gmail.com,9191919585
test406@gmail.com,9191919586
test407@gmail.com,9191919587
test408@gmail.com,9191919588
test409@gmail.com,9191919589
test410@gmail.com,9191919590
test411@gmail.com,9191919591
test412@gmail.com,9191919592
test413@gmail.com,9191919593
test414@gmail.com,9191919594
test415@gmail.com,9191919595
test416@gmail.com,9191919596
test417@gmail.com,9191919597
test418@gmail.com,9191919598
test419@gmail.com,9191919599
test420@gmail.com,9191919600
test421@gmail.com,9191919601
test422@gmail.com,9191919602
test423@gmail.com,9191919603
test424@gmail.com,9191919604
test425@gmail.com,9191919605
test426@gmail.com,9191919606
test427@gmail.com,9191919607
test428@gmail.com,9191919608
test429@gmail.com,9191919609
test430@gmail.com,9191919610
test431@gmail.com,9191919611
test432@gmail.com,9191919612
test433@gmail.com,9191919613
test434@gmail.com,9191919614
test435@gmail.com,9191919615
test436@gmail.com,9191919616
test437@gmail.com,9191919617
test438@gmail.com,9191919618
test439@gmail.com,9191919619
test440@gmail.com,9191919620
test441@gmail.com,9191919621
test442@gmail.com,9191919622
test443@gmail.com,9191919623
test444@gmail.com,9191919624
test445@gmail.com,9191919625
test446@gmail.com,9191919626
test447@gmail.com,9191919627
test448@gmail.com,9191919628
test449@gmail.com,9191919629
test450@gmail.com,9191919630
test451@gmail.com,9191919631
test452@gmail.com,9191919632
test453@gmail.com,9191919633
test454@gmail.com,9191919634
test455@gmail.com,9191919635
test456@gmail.com,9191919636
test457@gmail.com,9191919637
test458@gmail.com,9191919638
test459@gmail.com,9191919639
test460@gmail.com,9191919640
test461@gmail.com,9191919641
test462@gmail.com,9191919642
test463@gmail.com,9191919643
test464@gmail.com,9191919644
test465@gmail.com,9191919645
test466@gmail.com,9191919646
test467@gmail.com,9191919647
test468@gmail.com,9191919648
test469@gmail.com,9191919649
test470@gmail.com,9191919650
test471@gmail.com,9191919651
test472@gmail.com,9191919652
test473@gmail.com,9191919653
test474@gmail.com,9191919654
test475@gmail.com,9191919655
test476@gmail.com,9191919656
test477@gmail.com,9191919657
test478@gmail.com,9191919658
test479@gmail.com,9191919659
test480@gmail.com,9191919660
test481@gmail.com,9191919661
test482@gmail.com,9191919662
test483@gmail.com,9191919663
test484@gmail.com,9191919664
test485@gmail.com,9191919665
test486@gmail.com,9191919666
test487@gmail.com,9191919667
test488@gmail.com,9191919668
test489@gmail.com,9191919669
test490@gmail.com,9191919670
test491@gmail.com,9191919671
test492@gmail.com,9191919672
test493@gmail.com,9191919673
test494@gmail.com,9191919674
test495@gmail.com,9191919675
test496@gmail.com,9191919676
test497@gmail.com,9191919677
test498@gmail.com,9191919678
test499@gmail.com,9191919679
test500@gmail.com,9191919680
test501@gmail.com,9191919681
test502@gmail.com,9191919682
test503@gmail.com,9191919683
test504@gmail.com,9191919684
test505@gmail.com,9191919685
test506@gmail.com,9191919686
test507@gmail.com,9191919687
test508@gmail.com,9191919688
test509@gmail.com,9191919689
test510@gmail.com,9191919690
test511@gmail.com,9191919691
test512@gmail.com,9191919692
test513@gmail.com,9191919693
test514@gmail.com,9191919694
test515@gmail.com,9191919695
test516@gmail.com,9191919696
test517@gmail.com,9191919697
test518@gmail.com,9191919698
test519@gmail.com,9191919699
test520@gmail.com,9191919700
test521@gmail.com,9191919701
test522@gmail.com,9191919702
test523@gmail.com,9191919703
test524@gmail.com,9191919704
test525@gmail.com,9191919705
test526@gmail.com,9191919706
test527@gmail.com,9191919707
test528@gmail.com,9191919708
test529@gmail.com,9191919709
test530@gmail.com,9191919710
test531@gmail.com,9191919711
test532@gmail.com,9191919712
test533@gmail.com,9191919713
test534@gmail.com,9191919714
test535@gmail.com,9191919715
test536@gmail.com,9191919716
test537@gmail.com,9191919717
test538@gmail.com,9191919718
test539@gmail.com,9191919719
test540@gmail.com,9191919720
test541@gmail.com,9191919721
test542@gmail.com,9191919722
test543@gmail.com,9191919723
test544@gmail.com,9191919724
test545@gmail.com,9191919725
test546@gmail.com,9191919726
test547@gmail.com,9191919727
test548@gmail.com,9191919728
test549@gmail.com,9191919729
test550@gmail.com,9191919730
test551@gmail.com,9191919731
test552@gmail.com,9191919732
test553@gmail.com,9191919733
test554@gmail.com,9191919734
test555@gmail.com,9191919735
test556@gmail.com,9191919736
test557@gmail.com,9191919737
test558@gmail.com,9191919738
test559@gmail.com,9191919739
test560@gmail.com,9191919740
test561@gmail.com,9191919741
test562@gmail.com,9191919742
test563@gmail.com,9191919743
test564@gmail.com,9191919744
test565@gmail.com,9191919745
test566@gmail.com,9191919746
test567@gmail.com,9191919747
test568@gmail.com,9191919748
test569@gmail.com,9191919749
test570@gmail.com,9191919750
test571@gmail.com,9191919751
test572@gmail.com,9191919752
test573@gmail.com,9191919753
test574@gmail.com,9191919754
test575@gmail.com,9191919755
test576@gmail.com,9191919756
test577@gmail.com,9191919757
test578@gmail.com,9191919758
test579@gmail.com,9191919759
test580@gmail.com,9191919760
test581@gmail.com,9191919761
test582@gmail.com,9191919762
test583@gmail.com,9191919763
test584@gmail.com,9191919764
test585@gmail.com,9191919765
test586@gmail.com,9191919766
test587@gmail.com,9191919767
test588@gmail.com,9191919768
test589@gmail.com,9191919769
test590@gmail.com,9191919770
test591@gmail.com,9191919771
test592@gmail.com,9191919772
test593@gmail.com,9191919773
test594@gmail.com,9191919774
test595@gmail.com,9191919775
test596@gmail.com,9191919776
test597@gmail.com,9191919777
test598@gmail.com,9191919778
test599@gmail.com,9191919779
test600@gmail.com,9191919780
test601@gmail.com,9191919781
test602@gmail.com,9191919782
test603@gmail.com,9191919783
test604@gmail.com,9191919784
test605@gmail.com,9191919785
test606@gmail.com,9191919786
test607@gmail.com,9191919787
test608@gmail.com,9191919788
test609@gmail.com,9191919789
test610@gmail.com,9191919790
test611@gmail.com,9191919791
test612@gmail.com,9191919792
test613@gmail.com,9191919793
test614@gmail.com,9191919794
test615@gmail.com,9191919795
test616@gmail.com,9191919796
test617@gmail.com,9191919797
test618@gmail.com,9191919798
test619@gmail.com,9191919799
test620@gmail.com,9191919800
test621@gmail.com,9191919801
test622@gmail.com,9191919802
test623@gmail.com,9191919803
test624@gmail.com,9191919804
test625@gmail.com,9191919805
test626@gmail.com,9191919806
test627@gmail.com,9191919807
test628@gmail.com,9191919808
test629@gmail.com,9191919809
test630@gmail.com,9191919810
test631@gmail.com,9191919811
test632@gmail.com,9191919812
test633@gmail.com,9191919813
test634@gmail.com,9191919814
test635@gmail.com,9191919815
test636@gmail.com,9191919816
test637@gmail.com,9191919817
test638@gmail.com,9191919818
test639@gmail.com,9191919819
test640@gmail.com,9191919820
test641@gmail.com,9191919821
test642@gmail.com,9191919822
test643@gmail.com,9191919823
test644@gmail.com,9191919824
test645@gmail.com,9191919825
test646@gmail.com,9191919826
test647@gmail.com,9191919827
test648@gmail.com,9191919828
test649@gmail.com,9191919829
test650@gmail.com,9191919830
test651@gmail.com,9191919831
test652@gmail.com,9191919832
test653@gmail.com,9191919833
test654@gmail.com,9191919834
test655@gmail.com,9191919835
test656@gmail.com,9191919836
test657@gmail.com,9191919837
test658@gmail.com,9191919838
test659@gmail.com,9191919839
test660@gmail.com,9191919840
test661@gmail.com,9191919841
test662@gmail.com,9191919842
test663@gmail.com,9191919843
test664@gmail.com,9191919844
test665@gmail.com,9191919845
test666@gmail.com,9191919846
test667@gmail.com,9191919847
test668@gmail.com,9191919848
test669@gmail.com,9191919849
test670@gmail.com,9191919850
test671@gmail.com,9191919851
test672@gmail.com,9191919852
test673@gmail.com,9191919853
test674@gmail.com,9191919854
test675@gmail.com,9191919855
test676@gmail.com,9191919856
test677@gmail.com,9191919857
test678@gmail.com,9191919858
test679@gmail.com,9191919859
test680@gmail.com,9191919860
test681@gmail.com,9191919861
test682@gmail.com,9191919862
test683@gmail.com,9191919863
test684@gmail.com,9191919864
test685@gmail.com,9191919865
test686@gmail.com,9191919866
test687@gmail.com,9191919867
test688@gmail.com,9191919868
test689@gmail.com,9191919869
test690@gmail.com,9191919870
test691@gmail.com,9191919871
test692@gmail.com,9191919872
test693@gmail.com,9191919873
test694@gmail.com,9191919874
test695@gmail.com,9191919875
test696@gmail.com,9191919876
test697@gmail.com,9191919877
test698@gmail.com,9191919878
test699@gmail.com,9191919879
test700@gmail.com,9191919880
test701@gmail.com,9191919881
test702@gmail.com,9191919882
test703@gmail.com,9191919883
test704@gmail.com,9191919884
test705@gmail.com,9191919885
test706@gmail.com,9191919886
test707@gmail.com,9191919887
test708@gmail.com,9191919888
test709@gmail.com,9191919889
test710@gmail.com,9191919890
test711@gmail.com,9191919891
test712@gmail.com,9191919892
test713@gmail.com,9191919893
test714@gmail.com,9191919894
test715@gmail.com,9191919895
test716@gmail.com,9191919896
test717@gmail.com,9191919897
test718@gmail.com,9191919898
test719@gmail.com,9191919899
test720@gmail.com,9191919900
test721@gmail.com,9191919901
test722@gmail.com,9191919902
test723@gmail.com,9191919903
test724@gmail.com,9191919904
test725@gmail.com,9191919905
test726@gmail.com,9191919906
test727@gmail.com,9191919907
test728@gmail.com,9191919908
test729@gmail.com,9191919909
test730@gmail.com,9191919910
test731@gmail.com,9191919911
test732@gmail.com,9191919912
test733@gmail.com,9191919913
test734@gmail.com,9191919914
test735@gmail.com,9191919915
test736@gmail.com,9191919916
test737@gmail.com,9191919917
test738@gmail.com,9191919918
test739@gmail.com,9191919919
test740@gmail.com,9191919920
test741@gmail.com,9191919921
test742@gmail.com,9191919922
test743@gmail.com,9191919923
test744@gmail.com,9191919924
test745@gmail.com,9191919925
test746@gmail.com,9191919926
test747@gmail.com,9191919927
test748@gmail.com,9191919928
test749@gmail.com,9191919929
test750@gmail.com,9191919930
test751@gmail.com,9191919931
test752@gmail.com,9191919932
test753@gmail.com,9191919933
test754@gmail.com,9191919934
test755@gmail.com,9191919935
test756@gmail.com,9191919936
test757@gmail.com,9191919937
test758@gmail.com,9191919938
test759@gmail.com,9191919939
test760@gmail.com,9191919940
test761@gmail.com,9191919941
test762@gmail.com,9191919942
test763@gmail.com,9191919943
test764@gmail.com,9191919944
test765@gmail.com,9191919945
test766@gmail.com,9191919946
test767@gmail.com,9191919947
test768@gmail.com,9191919948
test769@gmail.com,9191919949
test770@gmail.com,9191919950
test771@gmail.com,9191919951
test772@gmail.com,9191919952
test773@gmail.com,9191919953
test774@gmail.com,9191919954
test775@gmail.com,9191919955
test776@gmail.com,9191919956
test777@gmail.com,9191919957
test778@gmail.com,9191919958
test779@gmail.com,9191919959
test780@gmail.com,9191919960
test781@gmail.com,9191919961
test782@gmail.com,9191919962
test783@gmail.com,9191919963
test784@gmail.com,9191919964
test785@gmail.com,9191919965
test786@gmail.com,9191919966
test787@gmail.com,9191919967
test788@gmail.com,9191919968
test789@gmail.com,9191919969
test790@gmail.com,9191919970
test791@gmail.com,9191919971
test792@gmail.com,9191919972
test793@gmail.com,9191919973
test794@gmail.com,9191919974
test795@gmail.com,9191919975
test796@gmail.com,9191919976
test797@gmail.com,9191919977
test798@gmail.com,9191919978
test799@gmail.com,9191919979
test800@gmail.com,9191919980
test801@gmail.com,9191919981
test802@gmail.com,9191919982
test803@gmail.com,9191919983
test804@gmail.com,9191919984
test805@gmail.com,9191919985
test806@gmail.com,9191919986
test807@gmail.com,9191919987
test808@gmail.com,9191919988
test809@gmail.com,9191919989
test810@gmail.com,9191919990
test811@gmail.com,9191919991
test812@gmail.com,9191919992
test813@gmail.com,9191919993
test814@gmail.com,9191919994
test815@gmail.com,9191919995
test816@gmail.com,9191919996
test817@gmail.com,9191919997
test818@gmail.com,9191919998
test819@gmail.com,9191919999
test820@gmail.com,9191920000
test821@gmail.com,9191920001
test822@gmail.com,9191920002
test823@gmail.com,9191920003
test824@gmail.com,9191920004
test825@gmail.com,9191920005
test826@gmail.com,9191920006
test827@gmail.com,9191920007
test828@gmail.com,9191920008
test829@gmail.com,9191920009
test830@gmail.com,9191920010
test831@gmail.com,9191920011
test832@gmail.com,9191920012
test833@gmail.com,9191920013
test834@gmail.com,9191920014
test835@gmail.com,9191920015
test836@gmail.com,9191920016
test837@gmail.com,9191920017
test838@gmail.com,9191920018
test839@gmail.com,9191920019
test840@gmail.com,9191920020
test841@gmail.com,9191920021
test842@gmail.com,9191920022
test843@gmail.com,9191920023
test844@gmail.com,9191920024
test845@gmail.com,9191920025
test846@gmail.com,9191920026
test847@gmail.com,9191920027
test848@gmail.com,9191920028
test849@gmail.com,9191920029
test850@gmail.com,9191920030
test851@gmail.com,9191920031
test852@gmail.com,9191920032
test853@gmail.com,9191920033
test854@gmail.com,9191920034
test855@gmail.com,9191920035
test856@gmail.com,9191920036
test857@gmail.com,9191920037
test858@gmail.com,9191920038
test859@gmail.com,9191920039
test860@gmail.com,9191920040
test861@gmail.com,9191920041
test862@gmail.com,9191920042
test863@gmail.com,9191920043
test864@gmail.com,9191920044
test865@gmail.com,9191920045
test866@gmail.com,9191920046
test867@gmail.com,9191920047
test868@gmail.com,9191920048
test869@gmail.com,9191920049
test870@gmail.com,9191920050
test871@gmail.com,9191920051
test872@gmail.com,9191920052
test873@gmail.com,9191920053
test874@gmail.com,9191920054
test875@gmail.com,9191920055
test876@gmail.com,9191920056
test877@gmail.com,9191920057
test878@gmail.com,9191920058
test879@gmail.com,9191920059
test880@gmail.com,9191920060
test881@gmail.com,9191920061
test882@gmail.com,9191920062
test883@gmail.com,9191920063
test884@gmail.com,9191920064
test885@gmail.com,9191920065
test886@gmail.com,9191920066
test887@gmail.com,9191920067
test888@gmail.com,9191920068
test889@gmail.com,9191920069
test890@gmail.com,9191920070
test891@gmail.com,9191920071
test892@gmail.com,9191920072
test893@gmail.com,9191920073
test894@gmail.com,9191920074
test895@gmail.com,9191920075
test896@gmail.com,9191920076
test897@gmail.com,9191920077
test898@gmail.com,9191920078
test899@gmail.com,9191920079
test900@gmail.com,9191920080
test901@gmail.com,9191920081
test902@gmail.com,9191920082
test903@gmail.com,9191920083
test904@gmail.com,9191920084
test905@gmail.com,9191920085
test906@gmail.com,9191920086
test907@gmail.com,9191920087
test908@gmail.com,9191920088
test909@gmail.com,9191920089
test910@gmail.com,9191920090
test911@gmail.com,9191920091
test912@gmail.com,9191920092
test913@gmail.com,9191920093
test914@gmail.com,9191920094
test915@gmail.com,9191920095
test916@gmail.com,9191920096
test917@gmail.com,9191920097
test918@gmail.com,9191920098
test919@gmail.com,9191920099
test920@gmail.com,9191920100
test921@gmail.com,9191920101
test922@gmail.com,9191920102
test923@gmail.com,9191920103
test924@gmail.com,9191920104
test925@gmail.com,9191920105
test926@gmail.com,9191920106
test927@gmail.com,9191920107
test928@gmail.com,9191920108
test929@gmail.com,9191920109
test930@gmail.com,9191920110
test931@gmail.com,9191920111
test932@gmail.com,9191920112
test933@gmail.com,9191920113
test934@gmail.com,9191920114
test935@gmail.com,9191920115
test936@gmail.com,9191920116
test937@gmail.com,9191920117
test938@gmail.com,9191920118
test939@gmail.com,9191920119
test940@gmail.com,9191920120
test941@gmail.com,9191920121
test942@gmail.com,9191920122
test943@gmail.com,9191920123
test944@gmail.com,9191920124
test945@gmail.com,9191920125
test946@gmail.com,9191920126
test947@gmail.com,9191920127
test948@gmail.com,9191920128
test949@gmail.com,9191920129
test950@gmail.com,9191920130
test951@gmail.com,9191920131
test952@gmail.com,9191920132
test953@gmail.com,9191920133
test954@gmail.com,9191920134
test955@gmail.com,9191920135
test956@gmail.com,9191920136
test957@gmail.com,9191920137
test958@gmail.com,9191920138
test959@gmail.com,9191920139
test960@gmail.com,9191920140
test961@gmail.com,9191920141
test962@gmail.com,9191920142
test963@gmail.com,9191920143
test964@gmail.com,9191920144
test965@gmail.com,9191920145
test966@gmail.com,9191920146
test967@gmail.com,9191920147
test968@gmail.com,9191920148
test969@gmail.com,9191920149
test970@gmail.com,9191920150
test971@gmail.com,9191920151
test972@gmail.com,9191920152
test973@gmail.com,9191920153
test974@gmail.com,9191920154
test975@gmail.com,9191920155
test976@gmail.com,9191920156
test977@gmail.com,9191920157
test978@gmail.com,9191920158
test979@gmail.com,9191920159
test980@gmail.com,9191920160
test981@gmail.com,9191920161
test982@gmail.com,9191920162
test983@gmail.com,9191920163
test984@gmail.com,9191920164
test985@gmail.com,9191920165
test986@gmail.com,9191920166
test987@gmail.com,9191920167
test988@gmail.com,9191920168
test989@gmail.com,9191920169
test990@gmail.com,9191920170
test991@gmail.com,9191920171
test992@gmail.com,9191920172
test993@gmail.com,9191920173
test994@gmail.com,9191920174
test995@gmail.com,9191920175
test996@gmail.com,9191920176
test997@gmail.com,9191920177
test998@gmail.com,9191920178
test999@gmail.com,9191920179
test1000@gmail.com,9191920180
test1001@gmail.com,9191920181
test1002@gmail.com,9191920182
test1003@gmail.com,9191920183
test1004@gmail.com,9191920184
test1005@gmail.com,9191920185
test1006@gmail.com,9191920186
test1007@gmail.com,9191920187
test1008@gmail.com,9191920188
test1009@gmail.com,9191920189
test1010@gmail.com,9191920190
